{
  "schemaVersion": 1,
  "id": "mcmod",
  "version": "${version}",

  "name": "MC Fabric Mod",
  "description": "Learning to mod through fabric, for Mine craft",
  "authors": [
    "Jovin"
  ],
  "contact": {
    "homepage": "https://fabricmc.net/",
    "sources": "https://github.com/FabricMC/fabric-example-mod"
  },

  "license": "MIT",
  "icon": "assets/modid/icon.png",

  "environment": "*",
  "entrypoints": {
    "main": [
      "net.Jovin.McMod.McModMain"
    ]
  },
  "mixins": [
    "mcmod.mixins.json"
  ],

  "depends": {
    "fabricloader": ">=0.14.6",
    "fabric": "*",
    "minecraft": "~1.18.1",
    "java": ">=17"
  },
  "suggests": {
    "another-mod": "*"
  }
}
